infinitive,past_simple,past_participle,level,category,description
be,was/were,been,Beginner,Daily Life,"The verb 'to be' is the most fundamental and irregular verb in the English language. It serves as a copula, linking a subject to an adjective or noun, and as an auxiliary verb for continuous tenses and the passive voice. Its forms vary significantly across tenses (am, is, are, was, were). Mastery of 'be' is the first step in learning English. It is used to describe existence, identity, and characteristics."
become,became,become,Beginner,Daily Life,"'Become' indicates a process of change or development. It is used when a subject transforms into something else or acquires a new state of being. It is a linking verb that connects the subject to a complement describing the new state. Common in both formal and informal contexts. Essential for describing personal growth or physical changes."
begin,began,begun,Beginner,Action & Impact,"'Begin' marks the start of an action, process, or state. It is a synonym for 'start' but is slightly more formal. It can be followed by an infinitive or a gerund (e.g., 'begin to eat' or 'begin eating'). This verb is crucial for narrating events in chronological order. It implies the initial step of a longer duration."
break,broke,broken,Intermediate,Action & Impact,"'Break' generally means to separate into pieces as a result of a blow, shock, or strain. It can be used physically (breaking a glass) or metaphorically (breaking a promise or a law). It also functions as a noun indicating a pause in work. The past participle 'broken' is frequently used as an adjective. It suggests a sudden and often destructive change."
bring,brought,brought,Beginner,Movement,"'Bring' involves carrying or conveying something or someone to the place where the speaker is or will be. It implies movement towards the speaker, contrasting with 'take'. It is used in physical contexts (bringing a gift) and abstract contexts (bringing joy). A fundamental verb for social interactions and logistics."
buy,bought,bought,Beginner,Action & Impact,"To 'buy' is to obtain something in exchange for payment. It is the core verb of commerce and daily transactions. It is the opposite of 'sell'. While 'purchase' is a more formal synonym, 'buy' is the standard term in everyday conversation. It implies a transfer of ownership."
choose,chose,chosen,Intermediate,Communication,"'Choose' means to pick out or select from a number of alternatives. It involves decision-making and preference. The choice can be based on logic, emotion, or random selection. It is a key verb for expressing autonomy and will. The past participle 'chosen' often implies a special status."
come,came,come,Beginner,Movement,"'Come' describes movement towards the speaker or a specific location. It is one of the most frequently used verbs of motion. It is used in invitations, commands, and descriptions of arrival. It creates a sense of proximity and approach. It forms many phrasal verbs like 'come in', 'come over', and 'come back'."
do,did,done,Beginner,Action & Impact,"'Do' is a versatile verb used to describe the performance of an action or task. It functions as a main verb (doing homework) and an essential auxiliary verb for forming questions and negatives in the simple present and past tenses. It is often used when the specific action is not named. It emphasizes the execution of an act."
drink,drank,drunk,Beginner,Daily Life,"To 'drink' is to swallow a liquid. It is a biological necessity and a social activity. The verb can refer to consuming water, soft drinks, or alcohol depending on the context. Usage of the forms 'drank' (past) and 'drunk' (participle) is a common stumbling block for learners. It is essential for describing daily habits."
drive,drove,driven,Intermediate,Movement,"'Drive' primarily means to operate and control the direction and speed of a motor vehicle. It can also mean to propel or urge something forward with force. Metaphorically, it refers to motivation (what drives you?). It implies control, power, and movement towards a destination."
eat,ate,eaten,Beginner,Daily Life,"To 'eat' is to put food into the mouth, chew it, and swallow it. It is a primary survival activity and a major social ritual. The verb applies to all forms of solid food consumption. It is one of the first verbs learned by children. Metaphorically, it can mean to corrode or use up resources."
fall,fell,fallen,Intermediate,Movement,"'Fall' describes a rapid descent under the force of gravity, usually accidentally. It implies a loss of balance or a drop from a higher to a lower position. It is used physically (falling down stairs) and abstractly (falling in love, falling asleep). It suggests a lack of control over the movement."
feel,felt,felt,Beginner,Communication,"'Feel' relates to experiencing an emotion or a physical sensation. It connects the subject to their internal state or tactile environment. It can describe touching something (texture) or an emotional state (sadness, happiness). It is subjective and central to expressing human experience."
find,found,found,Beginner,Action & Impact,"To 'find' is to discover something either by chance or after a search. It implies the successful end of looking for something. It can also mean to perceive or judge something to be the case (e.g., 'I find this hard'). It represents discovery, recovery, and realization."
fly,flew,flown,Intermediate,Movement,"'Fly' means to move through the air using wings or an aircraft. It represents freedom, speed, and travel. It can apply to birds, planes, or even time (time flies). It implies overcoming gravity and moving rapidly. The irregularity of its forms makes it a key verb to master."
forget,forgot,forgotten,Intermediate,Communication,"To 'forget' is to fail to remember something. It can refer to a loss of memory or a failure to perform a duty (forgetting to lock the door). It is the opposite of 'remember'. It is a common human experience often associated with regret or negligence. It implies a lapse in mental retention."
get,got,got/gotten,Beginner,Action & Impact,"'Get' is arguably the most versatile informal verb in English. It can mean to receive, obtain, become, arrive, or understand. Its meaning depends entirely on context. It replaces more formal verbs like 'acquire' or 'comprehend' in daily speech. It is dynamic and ubiquitous in conversation."
give,gave,given,Beginner,Action & Impact,"To 'give' is to freely transfer the possession of something to someone else. It is the fundamental verb of generosity and exchange. It can apply to physical objects, information, or abstract concepts like advice or love. It implies a direction from the subject to a recipient."
go,went,gone,Beginner,Movement,"'Go' describes movement from one place to another. It is the opposite of 'come'. It is used for departure, travel, and proceeding. The past form 'went' is historically from a different verb (wend), making it highly irregular. It is essential for discussing future plans ('going to') and past travels."
have,had,had,Beginner,Daily Life,"'Have' indicates possession, relationship, or obligation. It is also the primary auxiliary verb for perfect tenses (have done, had seen). It describes what one owns, experiences (have a good time), or must do (have to). It is a cornerstone of English grammar and usage."
hear,heard,heard,Beginner,Communication,"To 'hear' is to perceive sound through the ears. Unlike 'listen', it is often a passive or involuntary action. It connects the subject to the auditory world. It can also mean to receive news or information. It is a primary sensory verb essential for communication."
know,knew,known,Beginner,Communication,"To 'know' means to possess information, understanding, or skill through experience or education. It can also mean to be familiar with a person or place. It describes a mental state of certainty. It is a stative verb, rarely used in continuous tenses. It distinguishes fact from belief."
leave,left,left,Beginner,Movement,"'Leave' means to go away from a place or person. It indicates departure and separation. It can also mean to let something remain in a specific state or place. It is used for ending relationships, quitting jobs, or simply exiting a room. It implies a transition from presence to absence."
make,made,made,Beginner,Action & Impact,"'Make' means to form something by putting parts together or combining substances; to create or produce. It implies construction, causation, or forcing something to happen. Unlike 'do', which focuses on the action, 'make' focuses on the result or product. It is a verb of creation."
meet,met,met,Beginner,Communication,"To 'meet' is to come into the presence or company of someone. It can happen by arrangement or by chance. It marks the beginning of a social interaction or relationship. It can also refer to fulfilling a requirement (meeting a deadline). It connects people and ideas."
pay,paid,paid,Beginner,Action & Impact,"To 'pay' is to give money for goods, services, or debts. It is central to financial transactions. It can also be used metaphorically, such as paying attention or paying a compliment. It implies an exchange of value and the settlement of an obligation."
put,put,put,Beginner,Action & Impact,"'Put' means to move something into a specific place or position. It is a generic verb of placement. It is highly irregular because all three forms (infinitive, past, participle) are identical. It forms many phrasal verbs like 'put on', 'put off', and 'put up'. It is simple yet essential."
read,read,read,Beginner,Communication,"To 'read' is to look at and comprehend the meaning of written or printed matter. While the spelling remains 'read' for all forms, the pronunciation changes (past tense rhymes with 'red'). It is the verb of literacy and information consumption. It can be done silently or aloud."
run,ran,run,Beginner,Movement,"'Run' means to move at a speed faster than a walk, never having both or all feet on the ground at the same time. It implies speed, urgency, or exercise. It can also describe the operation of machines (the engine runs) or the flow of liquids. It is a dynamic verb of energy."
say,said,said,Beginner,Communication,"To 'say' is to utter words so as to convey information, an opinion, or a feeling. It focuses on the words produced rather than the recipient (unlike 'tell'). It is used for direct and indirect speech. It is one of the most common verbs for reporting conversation."
see,saw,seen,Beginner,Communication,"To 'see' is to perceive with the eyes; to discern visually. It is the primary verb of vision. It can also mean to understand ('I see what you mean') or to meet someone socially. It is a passive sensory experience, unlike 'watch' or 'look'. It connects us to the visual world."
sell,sold,sold,Beginner,Action & Impact,"To 'sell' is to give or hand over something in exchange for money. It is the counterpart to 'buy'. It implies persuasion, commerce, and transaction. It can apply to goods, services, or even ideas. It is a fundamental concept in economics and daily business."
send,sent,sent,Beginner,Communication,"'Send' means to cause to go or be taken to a particular destination. It applies to letters, emails, parcels, or signals. It implies a distance between the sender and the receiver. It is the primary verb for transmitting information or objects without moving oneself."
sit,sat,sat,Beginner,Daily Life,"To 'sit' is to adopt or be in a position in which one's weight is supported by one's buttocks rather than one's feet and one's back is upright. It is a static posture verb. It is used for rest, waiting, or formal gatherings. It contrasts with 'stand' and 'lie'."
sleep,slept,slept,Beginner,Daily Life,"To 'sleep' is to be in a state of rest where consciousness is suspended and the body functions slow down. It is a biological necessity. The verb covers the duration of this state. It is often associated with health, dreams, and recovery. It is a regular part of the daily cycle."
speak,spoke,spoken,Intermediate,Communication,"To 'speak' is to say something in order to convey information or to express a feeling. It implies the ability to use language or the act of giving a formal address. It is more formal than 'talk' and focuses on the faculty of speech or the language used."
stand,stood,stood,Beginner,Daily Life,"To 'stand' is to be in an upright position on the feet. It implies stability, resistance, or waiting. It can be physical or metaphorical (standing for a cause). It is often used in commands and descriptions of location. It contrasts with 'sit' and 'lie'."
swim,swam,swum,Intermediate,Movement,"To 'swim' is to propel the body through water using the limbs. It is a sport, a survival skill, and a recreational activity. The vowel change (i-a-u) makes it a classic example of an irregular verb. It implies interaction with a liquid environment."
take,took,taken,Beginner,Action & Impact,"'Take' means to lay hold of something with one's hands; to reach for and hold. It implies removing something from a place or accepting something offered. It is extremely versatile, forming idioms like 'take a break', 'take care', or 'take place'. It contrasts with 'give'."
teach,taught,taught,Intermediate,Communication,"To 'teach' is to impart knowledge to or instruct someone as to how to do something. It involves a transfer of skill or information from a teacher to a student. It implies authority and guidance. It is the counterpart to 'learn'."
tell,told,told,Beginner,Communication,"To 'tell' is to communicate information, facts, or news to someone in spoken or written words. Unlike 'say', it usually requires a direct object (the person being told). It implies narration, instruction, or revealing a secret. It focuses on the message delivery."
think,thought,thought,Beginner,Communication,"To 'think' is to have a particular opinion, belief, or idea about someone or something. It describes mental processes, reasoning, and imagination. It is the primary verb of cognition. It can refer to active processing ('I am thinking') or a state of belief ('I think so')."
understand,understood,understood,Intermediate,Communication,"To 'understand' is to perceive the intended meaning of words, a language, or a speaker. It implies cognitive grasp and empathy. It is the goal of communication. It is formed by combining 'under' and 'stand', though the meaning is abstract."
wear,wore,worn,Beginner,Daily Life,"To 'wear' is to have something on one's body as clothing, decoration, or protection. It implies a continuous state of being dressed in something. It can also refer to the damage caused by use (wear and tear). It is essential for describing appearance."
write,wrote,written,Beginner,Communication,"To 'write' is to mark letters, words, or other symbols on a surface, typically paper or a screen, with a pen, pencil, or keyboard. It is the primary verb of literacy and recording information. It allows communication across time and space."
abide,abode/abided,abode/abided,Expert,Expert,"To 'abide' means to accept or act in accordance with a rule, decision, or recommendation. Historically, it meant to dwell or remain. It is a formal verb, often found in legal or literary contexts (e.g., 'abide by the law'). It implies endurance or tolerance."
beseech,besought,besought,Expert,Expert,"To 'beseech' is to ask someone urgently and fervently to do something; to implore. It is a highly formal and archaic verb used in literature or dramatic contexts. It implies a sense of desperation and humility in the request. It is a strong synonym for 'beg'."
fling,flung,flung,Expert,Action & Impact,"To 'fling' is to throw or hurl something truthfully or violently. It implies a lack of care or a burst of emotion (anger, joy). It is more forceful than 'throw'. It suggests a sudden, energetic movement of the arm. It can be used metaphorically (flinging insults)."
slink,slunk,slunk,Expert,Movement,"To 'slink' is to move smoothly and quietly with gliding steps, in a stealthy or sensuous manner. It often implies guilt, fear, or a desire to hide. It is associated with the movement of predators or someone trying to escape notice. It is a descriptive verb of motion."
bend,bent,bent,Beginner,Action & Impact,"To 'bend' means to shape or force something straight into a curve or angle. It implies flexibility or submission. Physically, it refers to the body or objects (bending a spoon). Metaphorically, it can mean adapting rules or submitting to authority. It represents a change in form without breaking."
bet,bet,bet,Intermediate,Action & Impact,"To 'bet' is to risk something, usually money, against someone else's on the basis of the outcome of a future event, such as a race or game. It implies gambling, prediction, and risk-taking. It is also used informally to express certainty ('I bet you are right'). It connects to concepts of chance and probability."
bid,bid/bade,bid/bidden,Expert,Communication,"To 'bid' has two main meanings: to offer a certain price for something (at an auction) or to utter a greeting or command. The forms vary by meaning (bid-bid-bid for money; bid-bade-bidden for commands). It is a formal verb often used in commerce or archaic storytelling. It implies an attempt to secure something."
bind,bound,bound,Intermediate,Action & Impact,"To 'bind' is to tie or fasten something tightly. It implies restriction, connection, or obligation (legally binding). It can refer to physical ropes or abstract promises. Bookbinding is a specific craft associated with it. It suggests creating a strong, often unbreakable, link between elements."
bite,bit,bitten,Beginner,Action & Impact,"To 'bite' is to use the teeth to cut into or through something. It is a primal action used for eating or defense. It can also imply a sharp, stinging sensation (the cold bites). Idiomatically, 'biting off more than you can chew' refers to taking on too much. It is an aggressive or consumptive action."
bleed,bled,bled,Intermediate,Daily Life,"To 'bleed' is to lose blood from the body as a result of injury or illness. It signifies vulnerability, pain, or sacrifice. Metaphorically, it can mean losing resources or money ('the company is bleeding cash'). It is a visceral verb often associated with medical or dramatic contexts."
blow,blew,blown,Beginner,Action & Impact,"To 'blow' is to create a current of air. It applies to the wind, human breath, or mechanical devices. It can mean to explode (blow up) or to miss an opportunity (blow it). It represents the movement of air and the force it carries. It is essential for describing weather and physical exertion."
breed,bred,bred,Expert,Daily Life,"To 'breed' is to mate and produce offspring (animals). It also means to rear or train someone in a specific way ('born and bred'). Metaphorically, it suggests that a situation produces a certain result ('familiarity breeds contempt'). It relates to lineage, reproduction, and biological origins."
broadcast,broadcast,broadcast,Intermediate,Communication,"To 'broadcast' means to transmit a programme or some information by radio or television. Originally, it meant to scatter seeds over a wide area. It implies disseminating information to a large, undefined audience. It is a key verb in media and technology. Often misused with '-ed', the irregular form remains 'broadcast'."
build,built,built,Beginner,Action & Impact,"To 'build' is to construct something by putting parts or material together over a period of time. It implies structure, planning, and creation. It applies to physical buildings, software, or abstract concepts like trust or a career. It is the opposite of destroy and suggests progress."
burn,burnt/burned,burnt/burned,Beginner,Action & Impact,"To 'burn' is to be on fire or to destroy something by fire. It produces heat, light, and irreversible damage. It can also refer to a physical sensation of heat or energy consumption (burning calories). Both 'burnt' and 'burned' are accepted, with 'burnt' often acting as the adjective."
burst,burst,burst,Intermediate,Action & Impact,"To 'burst' is to break open or apart suddenly and violently, especially as a result of an impact or internal pressure. It implies a sudden release of energy or emotion (burst into tears). It is a dynamic verb that describes an abrupt change of state from contained to released."
bust,bust,bust,Intermediate,Action & Impact,"To 'bust' is an informal verb meaning to break, smash, or arrest. It implies a forceful or clumsy action. 'Busted' is often used as an adjective for broken things. It can also mean to catch someone doing something wrong. It is common in slang and casual conversation."
cast,cast,cast,Expert,Action & Impact,"To 'cast' is to throw something forcefully in a specified direction. It is used in fishing (casting a line), magic (casting a spell), or theatre (casting actors). It implies projection and selection. It is a versatile verb found in many idioms ('cast a shadow', 'cast a vote')."
catch,caught,caught,Beginner,Action & Impact,"To 'catch' means to intercept and hold something which has been thrown, propelled, or dropped. It implies speed and reaction. It can also mean to contract an illness (catch a cold) or to understand something. It is the opposite of 'throw' and suggests successful capture."
cling,clung,clung,Intermediate,Movement,"To 'cling' is to hold on tightly to something or someone. It implies desperation, affection, or physical adhesion (static cling). It can be used physically (clinging to a rock) or emotionally (clinging to the past). It suggests a refusal to let go."
clothe,clad/clothed,clad/clothed,Expert,Daily Life,"To 'clothe' is to provide with clothes or to dress. 'Clad' is the archaic or literary past form, often used as an adjective (iron-clad). It implies covering or protection. It is used in formal descriptions of appearance or provision of necessities."
cost,cost,cost,Beginner,Daily Life,"To 'cost' is to require the payment of a specified sum of money before it can be acquired or done. It implies value, sacrifice, or consequence. It can be used metaphorically ('it cost him his job'). It is a stative verb essential for transactions and decision making."
creep,crept,crept,Intermediate,Movement,"To 'creep' is to move slowly and carefully in order to avoid being heard or noticed. It implies stealth, fear, or slowness. It can also refer to the growth of plants or a feeling of unease ('it gives me the creeps'). It describes movement close to the ground."
cut,cut,cut,Beginner,Action & Impact,"To 'cut' is to make an opening, incision, or wound in something with a sharp-edged tool or object. It implies separation, reduction, or editing. It is a sharp, decisive action. It forms numerous phrasal verbs like 'cut off', 'cut down', and 'cut in'. It is one of the most common verbs."
deal,dealt,dealt,Intermediate,Communication,"To 'deal' means to distribute cards, or to take action with respect to a thing or person. It implies handling a situation, trading, or managing a problem ('deal with it'). It is central to games, business, and conflict resolution. It suggests interaction and transaction."
dig,dug,dug,Beginner,Action & Impact,"To 'dig' is to break up and move earth with a tool or machine, or with hands. It implies searching, excavation, or hard work. Metaphorically, it can mean looking for information ('digging up the truth'). It connects to the ground and hidden things."
dive,dove/dived,dove/dived,Intermediate,Movement,"To 'dive' is to plunge head first into water. It implies a sudden descent or immersion. It can also mean to move quickly towards something or to drop in value. 'Dove' is common in American English, while 'dived' is standard in British English. It suggests exploring depths."
draw,drew,drawn,Beginner,Action & Impact,"To 'draw' is to produce a picture or diagram by making lines and marks. It also means to pull or drag something (drawing a curtain, drawing a weapon). It implies creativity or physical tension. It is a versatile verb combining art and physical movement."
dream,dreamt/dreamed,dreamt/dreamed,Beginner,Communication,"To 'dream' is to experience a series of images, events, and feelings in the mind during sleep. It also means to aspire or hope for something. 'Dreamt' is the traditional irregular form, popular in British English. It connects to the subconscious and ambition."
drink,drank,drunk,Beginner,Daily Life,"To 'drink' is to take liquid into the mouth and swallow. It is essential for survival. It can also refer specifically to consuming alcohol. The distinction between 'drank' (past) and 'drunk' (participle) is a common grammar point. It is a primary biological function."
drive,drove,driven,Beginner,Movement,"To 'drive' is to operate and control the direction and speed of a motor vehicle. It implies force, motivation, and travel. It can be used metaphorically to mean compelling someone to do something ('drive someone crazy'). It suggests forward momentum and control."
dwell,dwelt/dwelled,dwelt/dwelled,Expert,Daily Life,"To 'dwell' means to live in or at a specified place. Historically common, it is now literary or formal. It also means to think, speak, or write at length about something ('dwell on the past'). It implies permanence or obsession."
fall,fell,fallen,Beginner,Movement,"To 'fall' is to move downwards quickly and without control, from a higher to a lower level. It implies gravity, accident, or loss of status. It forms many idioms like 'fall in love', 'fall apart'. It is a key verb for describing unintended movement."
feed,fed,fed,Beginner,Daily Life,"To 'feed' is to give food to a person or animal. It implies care, provision, and nourishment. It can also mean to supply a machine with material. It represents the act of sustaining life or function. It creates a relationship between provider and receiver."
fight,fought,fought,Beginner,Action & Impact,"To 'fight' is to take part in a violent struggle involving the exchange of physical blows or the use of weapons. It implies conflict, resistance, and defense. It can be physical or metaphorical (fighting for rights). It suggests an active struggle against opposition."
fit,fit/fitted,fit/fitted,Intermediate,Daily Life,"To 'fit' is to be of the right shape and size for. It implies suitability, comfort, and correctness. In American English, 'fit' is often irregular for the past tense; British English tends to use 'fitted'. It is essential for clothing and mechanics."
flee,fled,fled,Intermediate,Movement,"To 'flee' is to run away from a place or situation of danger. It implies urgency, fear, and escape. It is a more dramatic synonym for 'run away'. It suggests a desperate need for safety. It is often used in news regarding refugees or crime."
fling,flung,flung,Expert,Action & Impact,"To 'fling' is to throw or hurl something forcefully and carelessly. It implies strong emotion (anger, abandon) or lack of precision. It is a vivid verb for sudden, energetic movement. It suggests casting something aside violently."
fly,flew,flown,Beginner,Movement,"To 'fly' is to move through the air using wings or aircraft. It implies freedom, speed, and overcoming gravity. It is used for birds, planes, and metaphorical speed ('time flies'). The forms 'flew' and 'flown' are distinct and important to master."
forbid,forbade,forbidden,Intermediate,Communication,"To 'forbid' is to refuse to allow something. It implies authority, rules, and prohibition. It is the opposite of 'allow' or 'permit'. It is a strong verb often used in legal, parental, or official contexts. The past form 'forbade' is formal."
forecast,forecast,forecast,Expert,Communication,"To 'forecast' is to predict or estimate a future event or trend. It is commonly used in weather and economics. Like 'cast', it often remains unchanged in the past tense. It implies analysis and looking ahead. It is professional and specific."
foresee,foresaw,foreseen,Expert,Communication,"To 'foresee' is to be aware of beforehand; to predict. It implies vision, intuition, or wisdom. It is often used in negative contexts ('I didn't foresee this problem'). It suggests planning and anticipation of the future."
forget,forgot,forgotten,Beginner,Communication,"To 'forget' is to fail to remember. It implies a lapse in memory or negligence. It is a common human error. It contrasts with 'remember'. It can refer to facts, people, or duties. The participle 'forgotten' is used frequently as an adjective."
forgive,forgave,forgiven,Intermediate,Communication,"To 'forgive' is to stop feeling angry or resentful towards someone for an offense, flaw, or mistake. It implies mercy, reconciliation, and emotional release. It is a powerful social and spiritual concept. It restores a relationship."
freeze,froze,frozen,Beginner,Daily Life,"To 'freeze' is to turn into ice or harden as a result of extreme cold. It can also mean to become motionless with fear. It implies a change of state from liquid to solid or movement to stillness. It is essential for weather and cooking."
grind,ground,ground,Intermediate,Action & Impact,"To 'grind' is to reduce something to small particles or powder by crushing it. It implies friction, hard work, and repetition ('the daily grind'). It is used for coffee, grain, or gears. It suggests a slow, wearing process."
grow,grew,grown,Beginner,Daily Life,"To 'grow' is to undergo natural development by increasing in size and changing physically. It applies to plants, animals, people, and economies. It implies progress, life, and expansion. It is a fundamental verb of biology and business."
hang,hung,hung,Intermediate,Action & Impact,"To 'hang' is to suspend or be suspended from above with the lower part dangling free. Note: When referring to execution by neck, the regular form 'hanged' is used. 'Hung' applies to pictures, clothes, etc. It implies gravity and suspension."
hide,hid,hidden,Beginner,Action & Impact,"To 'hide' is to put or keep out of sight; to conceal from the view or notice of others. It implies secrecy, protection, or fear. It is the core action of the game 'hide and seek'. It contrasts with 'show' or 'reveal'."
hit,hit,hit,Beginner,Action & Impact,"To 'hit' is to bring one's hand or a tool or weapon into contact with someone or something quickly and forcefully. It implies impact, violence, or collision. It is a simple, dynamic verb that remains unchanged in all forms."
hold,held,held,Beginner,Action & Impact,"To 'hold' is to grasp, carry, or support with one's arms or hands. It implies possession, control, or embrace. It can be physical (holding a cup) or abstract (holding a meeting, holding a belief). It is a verb of stability and retention."
hurt,hurt,hurt,Beginner,Daily Life,"To 'hurt' is to cause physical pain or injury to. It can also refer to emotional pain. It implies damage and suffering. It is a stative verb that remains unchanged in the past. It is essential for describing health and feelings."
keep,kept,kept,Beginner,Action & Impact,"To 'keep' is to have or retain possession of. It implies continuity, storage, and refusal to give back. It can also mean to continue doing something ('keep going'). It is a versatile verb of maintenance and possession."
kneel,knelt,knelt,Intermediate,Movement,"To 'kneel' is to fall or rest on the knees. It implies submission, prayer, or a lower position. It is a specific posture verb. The regular form 'kneeled' exists but 'knelt' is more common in irregular verb lists. It is a gesture of respect."
knit,knit/knitted,knit/knitted,Intermediate,Action & Impact,"To 'knit' is to make a garment by interlocking loops of wool or other yarn. It can also mean to unite or join closely. It implies craft, patience, and creation. It can be used metaphorically ('a close-knit community')."
lay,laid,laid,Intermediate,Action & Impact,"To 'lay' is to put something down gently or carefully. It requires a direct object (lay the book down). It is often confused with 'lie' (to recline). It implies placement and preparation (laying the table). It is a transitive verb."
lead,led,led,Intermediate,Movement,"To 'lead' is to show the way to others by going in front of or beside them. It implies authority, guidance, and direction. It applies to physical paths or abstract leadership (leading a team). It contrasts with 'follow'."
lean,leant/leaned,leant/leaned,Intermediate,Movement,"To 'lean' is to be in or move into a sloping position. It implies reliance, support, or a lack of verticality. 'Leant' is common in UK English, 'leaned' in US. It suggests resting against something for support."
leap,leapt/leaped,leapt/leaped,Intermediate,Movement,"To 'leap' is to jump or spring a long way, to a great height, or with great force. It implies energy, suddenness, and distance. It is more dramatic than 'jump'. It suggests overcoming an obstacle or seizing an opportunity."
lend,lent,lent,Beginner,Action & Impact,"To 'lend' is to grant to someone the use of something on the understanding that it shall be returned. It implies temporary transfer and trust. It is the opposite of 'borrow'. It is essential for financial and social transactions."
let,let,let,Beginner,Daily Life,"To 'let' is not to prevent or forbid; to allow. It implies permission and passivity. It is often used in imperatives ('let's go'). It creates a possibility for an action to happen. It is unchanged in all forms."
lie,lay,lain,Intermediate,Daily Life,"To 'lie' is to be in or assume a horizontal or resting position. It does not take a direct object ('I need to lie down'). It is distinct from 'lie' (to tell a falsehood), which is regular. Confusingly, its past tense is 'lay'."
light,lit/lighted,lit/lighted,Beginner,Action & Impact,"To 'light' is to provide with light or lighting; to ignite. It implies illumination or starting a fire. 'Lit' is the common irregular form. It is used for rooms, fires, or cigarettes. It brings visibility or heat."
lose,lost,lost,Beginner,Action & Impact,"To 'lose' is to become unable to find something or someone. It also means to fail to win a game or contest. It implies deprivation, failure, or misplacement. It is the opposite of 'find' or 'win'. It carries a negative connotation."
mean,meant,meant,Beginner,Communication,"To 'mean' is to intend to convey, indicate, or refer to. It relates to definition, intention, and significance. It connects a sign or word to its concept. It is essential for explanation and understanding ('What does this mean?')."
mow,mowed,mown/mowed,Intermediate,Action & Impact,"To 'mow' is to cut down grass with a machine. It is a specific agricultural or gardening verb. The past participle 'mown' is often used as an adjective (newly mown grass). It implies maintenance of land."
overtake,overtook,overtaken,Intermediate,Movement,"To 'overtake' is to catch up with and pass while travelling in the same direction. It implies speed, competition, and passing. It is a common driving term. Metaphorically, it can mean to be overwhelmed by a feeling or event."
partake,partook,partaken,Expert,Daily Life,"To 'partake' is to join in an activity or to eat/drink something. It is a formal verb. It implies sharing and participation. It is often used in religious or ceremonial contexts ('partake in the meal')."
plead,pled/pleaded,pled/pleaded,Expert,Communication,"To 'plead' is to make an emotional appeal. In law, it means to state guilt or innocence. 'Pled' is a common irregular form in American English/Law. It implies desperation or formal declaration."
prove,proved,proven/proved,Intermediate,Communication,"To 'prove' is to demonstrate the truth or existence of something by evidence or argument. 'Proven' is the common adjective/participle. It implies validation, logic, and certainty. It is a key scientific and legal verb."
quit,quit,quit,Beginner,Action & Impact,"To 'quit' is to leave usually permanently; to stop doing something. It implies resignation or cessation. It is informal and final. It is often used for jobs or habits ('quit smoking'). It remains unchanged in the past."
rid,rid,rid,Intermediate,Action & Impact,"To 'rid' is to make someone or something free of a troublesome or unwanted person or thing. It is usually used in the phrase 'get rid of'. It implies cleansing, removal, and relief."
ride,rode,ridden,Beginner,Movement,"To 'ride' is to sit on and control the movement of an animal or vehicle (bike, horse). It implies travel, balance, and control. It contrasts with 'drive' (used for cars). It suggests a journey."
ring,rang,rung,Beginner,Communication,"To 'ring' is to make a clear resonant or vibrating sound. It refers to bells, phones, or alarms. It implies alerting or signaling. It is a primary verb for auditory attention."
rise,rose,risen,Intermediate,Movement,"To 'rise' is to move from a lower position to a higher one. It does not take a direct object (the sun rises). It implies ascent, increase, or standing up. It contrasts with 'raise' (which is regular and transitive)."
rive,rived,riven,Expert,Action & Impact,"To 'rive' is to split or tear apart violently. It is archaic or literary. 'Riven' implies being torn apart by conflict. It suggests deep division."
run,ran,run,Beginner,Movement,"To 'run' is to move at a speed faster than a walk. It implies speed, energy, and urgency. It can also refer to managing a business or the function of a machine. It is a core verb of motion."
saw,sawed,sawn/sawed,Intermediate,Action & Impact,"To 'saw' is to cut something using a saw. It implies manual labor and construction. The participle 'sawn' is common in British English. It is a specific type of cutting action."
seek,sought,sought,Intermediate,Action & Impact,"To 'seek' is to attempt to find something. It is a more formal synonym for 'look for'. It implies a quest, a goal, or a desire for something intangible (seek justice, seek advice)."
set,set,set,Beginner,Action & Impact,"To 'set' is to put, lay, or stand something in a specified place or position. It has many meanings including adjusting clocks, determining rules, or the sun going down. It remains unchanged in all forms. It implies establishing a state."
sew,sewed,sewn/sewed,Intermediate,Action & Impact,"To 'sew' is to join, fasten, or repair something by making stitches with a needle and thread. It implies craft and repair. 'Sewn' is the common participle. It is a domestic and industrial skill."
shake,shook,shaken,Beginner,Action & Impact,"To 'shake' is to move an object up and down or from side to side with rapid, forceful, jerky movements. It implies instability, mixing, or fear (trembling). It is used in greetings (shake hands) and emotions."
shear,shore/sheared,shorn/sheared,Expert,Action & Impact,"To 'shear' is to cut the wool off a sheep or other animal. It implies harvesting or cutting close. 'Shorn' is often used metaphorically to mean stripped of something. It is an agricultural verb."
shed,shed,shed,Intermediate,Action & Impact,"To 'shed' is to allow leaves, hair, skin, etc., to fall off naturally. It can also mean to get rid of. It implies natural loss or intentional removal. It remains unchanged in the past."
shine,shone,shone,Beginner,Daily Life,"To 'shine' is to give out a bright light. It implies brilliance, polish, or excellence. It can be literal (sun) or metaphorical (talent). It creates visibility and beauty."
shoe,shod,shod,Expert,Daily Life,"To 'shoe' is to fit a horse with a shoe. It is a specific trade verb (farrier). 'Shod' implies being equipped with footwear. It is rarely used in modern general conversation except as an adjective."
shoot,shot,shot,Intermediate,Action & Impact,"To 'shoot' is to fire a bullet or arrow. It implies speed, violence, or sport (in games like soccer). It suggests a projectile moving towards a target. It can also mean to film with a camera."
show,showed,shown,Beginner,Communication,"To 'show' is to allow or cause something to be seen. It implies demonstration, proof, or display. It is a key verb for teaching and revealing information. It is the opposite of 'hide'."
shrink,shrank,shrunk,Intermediate,Action & Impact,"To 'shrink' is to become or make smaller in size or amount. It implies reduction, fear (shrinking away), or cleaning accidents (clothes). It suggests a contraction of space or confidence."
shut,shut,shut,Beginner,Action & Impact,"To 'shut' is to move something into position to block an opening. It is a synonym for 'close' but often more abrupt. It implies finality or privacy. It remains unchanged in all forms."
sing,sang,sung,Beginner,Communication,"To 'sing' is to make musical sounds with the voice. It implies melody, joy, or performance. It is a universal human activity. It follows the classic i-a-u vowel shift pattern."
sink,sank,sunk,Intermediate,Movement,"To 'sink' is to go down below the surface of something, especially of a liquid. It implies failing, drowning, or descending. It is the opposite of 'float'. It suggests a loss of buoyancy or hope."
sit,sat,sat,Beginner,Daily Life,"To 'sit' is to be in a position where the weight is supported by the buttocks. It is a basic posture. It implies waiting, resting, or meeting. It contrasts with 'stand'."
slay,slew,slain,Expert,Action & Impact,"To 'slay' is to kill in a violent way. It is archaic or literary, often found in myths (slaying a dragon). Modern usage includes slang ('you slayed that outfit'). It implies dramatic death."
slide,slid,slid,Intermediate,Movement,"To 'slide' is to move along a smooth surface while maintaining continuous contact with it. It implies lack of friction, ease, or loss of control. It can be playful or accidental."
sling,slung,slung,Expert,Action & Impact,"To 'sling' is to throw or hang loosely. It implies a casual throw or a supporting strap. It suggests lack of precision or a specific carrying method (arm in a sling)."
slink,slunk,slunk,Expert,Movement,"To 'slink' is to move smoothly and quietly with gliding steps, in a stealthy or guilty manner. It implies trying to remain unseen. It is often associated with shame or predatory behavior."
slit,slit,slit,Expert,Action & Impact,"To 'slit' is to make a long, narrow cut in something. It implies precision, damage, or opening. It remains unchanged in all forms. It suggests a sharp tool and a specific type of wound or opening."
smell,smelt/smelled,smelt/smelled,Beginner,Daily Life,"To 'smell' is to detect the odor or scent of something. 'Smelt' is common in UK English. It implies using the nose. It can be active (sniffing) or passive (noticing an odor)."
smite,smote,smitten,Expert,Action & Impact,"To 'smite' is to strike with a firm blow. It is biblical or archaic. 'Smitten' is commonly used today to mean 'in love' or 'infatuated'. It implies divine punishment or sudden overpowering emotion."
sow,sowed,sown,Expert,Action & Impact,"To 'sow' is to plant seeds by scattering them on or in the earth. It is an agricultural verb. Metaphorically, it means to spread ideas or feelings ('sow discord'). It implies beginning a growth process."
speed,sped,sped,Intermediate,Movement,"To 'speed' is to move quickly. It implies urgency, fast driving, or progress. 'Sped' is the irregular form indicating fast movement. It suggests high velocity."
spell,spelt/spelled,spelt/spelled,Beginner,Communication,"To 'spell' is to write or name the letters that form a word. 'Spelt' is common in UK English. It implies literacy and accuracy in language. It creates the written form of a word."
spend,spent,spent,Beginner,Daily Life,"To 'spend' is to pay out money or use time. It implies consumption, transaction, and passing of resources. It is a fundamental verb for economics and time management."
spill,spilt/spilled,spilt/spilled,Intermediate,Action & Impact,"To 'spill' is to cause liquid to flow over the edge of its container, usually accidentally. It implies mess, waste, or clumsiness. 'Spilt' is common in UK English. It suggests a lack of control."
spin,spun,spun,Intermediate,Movement,"To 'spin' is to turn or cause to turn or whirl around quickly. It implies rotation, dizziness, or creating thread. It can also mean to distort information ('spin a story'). It suggests circular motion."
spit,spat,spat,Intermediate,Action & Impact,"To 'spit' is to eject saliva forcibly from one's mouth. It implies disgust, disrespect, or clearing the mouth. It is a somewhat taboo or crude action in many contexts."
split,split,split,Intermediate,Action & Impact,"To 'split' is to break or cause to break forcibly into parts. It implies division, sharing ('split the bill'), or separation. It remains unchanged in all forms. It suggests a rupture."
spoil,spoilt/spoiled,spoilt/spoiled,Intermediate,Action & Impact,"To 'spoil' is to diminish or destroy the value or quality of. It can also mean to overindulge a child. It implies ruin, decay (food), or excessive pampering. 'Spoilt' is the UK adjective."
spread,spread,spread,Intermediate,Action & Impact,"To 'spread' is to open out so as to extend its surface area, width, or length. It implies expansion, coverage (butter on toast), or transmission (virus). It remains unchanged. It suggests covering an area."
spring,sprang,sprung,Intermediate,Movement,"To 'spring' is to move or jump suddenly or rapidly upwards or forwards. It implies elasticity, surprise, or water sourcing. It suggests sudden energy release."
stand,stood,stood,Beginner,Daily Life,"To 'stand' is to be in an upright position. It implies stability, waiting, or endurance. It is a basic body posture. It contrasts with 'sit'."
steal,stole,stolen,Beginner,Action & Impact,"To 'steal' is to take another person's property without permission. It implies crime, secrecy, and dishonesty. It is a violation of ownership."
stick,stuck,stuck,Intermediate,Action & Impact,"To 'stick' is to adhere or cling to something. It can also mean to push a sharp object into something. It implies glue, attachment, or persistence ('stick with it')."
sting,stung,stung,Intermediate,Action & Impact,"To 'sting' is to wound with a sharp-pointed organ (like a bee). It implies sudden, sharp pain. Metaphorically, it refers to emotional hurt or betrayal."
stink,stank,stunk,Intermediate,Daily Life,"To 'stink' is to have a strong unpleasant smell. It implies foulness or bad quality. It is a strong sensory verb. Metaphorically, it means a situation is bad."
stride,strode,stridden,Expert,Movement,"To 'stride' is to walk with long, decisive steps. It implies confidence, purpose, or covering distance quickly. It is an energetic form of walking."
strike,struck,struck,Intermediate,Action & Impact,"To 'strike' is to hit forcibly and deliberately. It also means to stop working as a protest. It implies impact, suddenness ('lightning strikes'), or industrial action."
string,strung,strung,Expert,Action & Impact,"To 'string' is to hang something so that it stretches in a long line. It implies threading beads or instruments. It suggests tension and linear arrangement."
strive,strove,striven,Expert,Action & Impact,"To 'strive' is to make great efforts to achieve or obtain something. It implies struggle, ambition, and hard work. It is a formal verb for 'try hard'."
swear,swore,sworn,Intermediate,Communication,"To 'swear' is to make a solemn promise or to use offensive language. It implies intensity, oaths, or anger. It is used in legal contexts (court) and casual arguments."
sweat,sweat/sweated,sweat/sweated,Intermediate,Daily Life,"To 'sweat' is to exude moisture through the pores of the skin due to heat or stress. It implies physical exertion, fear, or hard work. It is a bodily function."
sweep,swept,swept,Beginner,Daily Life,"To 'sweep' is to clean a floor by brushing away dirt. It implies wide, curving movements. It can mean to move swiftly ('swept away'). It is a domestic action."
swell,swelled,swollen,Intermediate,Action & Impact,"To 'swell' is to become larger or rounder in size. It implies injury, inflation, or increase. 'Swollen' is the common adjective. It suggests internal pressure."
swim,swam,swum,Beginner,Movement,"To 'swim' is to propel the body through water. It implies recreation, sport, or survival. It follows the i-a-u pattern. It requires a liquid medium."
swing,swung,swung,Intermediate,Movement,"To 'swing' is to move back and forth or from side to side while suspended. It implies rhythm, pendular motion, or play (playground). It suggests freedom of movement."
take,took,taken,Beginner,Action & Impact,"To 'take' is to reach for and hold; to remove. It implies capturing, accepting, or transporting. It is one of the most common verbs in English."
teach,taught,taught,Beginner,Communication,"To 'teach' is to impart knowledge or skill. It implies instruction, authority, and guidance. It is the role of a teacher/parent."
tear,tore,torn,Intermediate,Action & Impact,"To 'tear' is to pull something apart or to pieces with force. It implies destruction, damage, or ripping. It creates a 'tear' (noun)."
tell,told,told,Beginner,Communication,"To 'tell' is to communicate information to someone. It implies narration, instruction, or revealing facts. It requires a listener."
think,thought,thought,Beginner,Communication,"To 'think' is to have a particular opinion, belief, or idea. It implies mental process, cognition, and reflection. It is the basis of consciousness."
thrive,throve/thrived,thriven/thrived,Expert,Daily Life,"To 'thrive' is to grow or develop well or vigorously. It implies health, success, and prosperity. It is often used in biology or business."
throw,threw,thrown,Beginner,Action & Impact,"To 'throw' is to propel something with force through the air. It implies arm movement, distance, and sports. It is the opposite of 'catch'."
thrust,thrust,thrust,Expert,Action & Impact,"To 'thrust' is to push suddenly or violently. It implies force, aggression, or forward motion. It remains unchanged. It is a dynamic verb."
tread,trod,trodden,Expert,Movement,"To 'tread' is to walk in a specified way or to step on something. It implies crushing, stepping, or footprints. It is literary or specific ('tread carefully')."
understand,understood,understood,Beginner,Communication,"To 'understand' is to perceive the intended meaning. It implies comprehension, empathy, and intelligence. It is the goal of learning."
undertake,undertook,undertaken,Expert,Action & Impact,"To 'undertake' is to commit oneself to and begin (an enterprise or responsibility). It implies accepting a task, a promise, or a job. It is formal."
upset,upset,upset,Intermediate,Communication,"To 'upset' is to make someone unhappy or to knock something over. It implies emotional disturbance or physical disorder. It remains unchanged."
vex,vexed/vext,vexed/vext,Expert,Communication,"To 'vex' is to make someone feel annoyed or frustrated. 'Vext' is the archaic irregular form[cite: 52]. It implies irritation and trouble."
wake,woke,woken,Beginner,Daily Life,"To 'wake' is to stop sleeping. It implies alertness, morning, and consciousness. It is often paired with 'up' (wake up)."
wear,wore,worn,Beginner,Daily Life,"To 'wear' is to have clothing on the body. It implies usage, fashion, and protection. It can also mean damage from use (wear out)."
weave,wove,woven,Expert,Action & Impact,"To 'weave' is to form fabric by interlacing threads. It implies craft, patterns, and structure. Metaphorically, it means to create a story."
wed,wed/wedded,wed/wedded,Expert,Communication,"To 'wed' is to marry. It is a formal or newspaper term. It implies union, ceremony, and commitment. 'Wedded' is used in the phrase 'wedded bliss'."
weep,wept,wept,Expert,Communication,"To 'weep' is to shed tears. It is a more formal or dramatic word for 'cry'. It implies deep sorrow, grief, or mourning."
wend,wended,wended,Expert,Movement,"To 'wend' is to go in a specified direction, typically slowly or by an indirect route. It is archaic, mostly used in 'wend one's way'. It implies a journey."
wet,wet/wetted,wet/wetted,Intermediate,Action & Impact,"To 'wet' is to cover or touch with liquid. It implies moisture, rain, or cleaning. It is the opposite of 'dry'. 'Wet' is the common past form."
win,won,won,Beginner,Action & Impact,"To 'win' is to be successful or victorious. It implies competition, success, and prizes. It is the opposite of 'lose'."
wind,wound,wound,Intermediate,Action & Impact,"To 'wind' is to move in or take a twisting or spiral course. It implies rotation, turning (a clock), or wrapping. It is pronounced with a long 'i'."
withdraw,withdrew,withdrawn,Intermediate,Action & Impact,"To 'withdraw' is to remove or take away. It implies retreating, taking money from a bank, or retracting a statement. It suggests backward movement."
withhold,withheld,withheld,Expert,Action & Impact,"To 'withhold' is to refuse to give something that is due or desired. It implies suppression, secrecy, or retention. It is often used in finance (tax) or law."
withstand,withstood,withstood,Expert,Action & Impact,"To 'withstand' is to remain undamaged or unaffected by. It implies resistance, strength, and endurance. It suggests surviving a force."
wring,wrung,wrung,Expert,Action & Impact,"To 'wring' is to squeeze and twist something to force liquid from it. It implies force, torsion, and drying (wringing a towel). Metaphorically: 'wringing hands' (worry)."
write,wrote,written,Beginner,Communication,"To 'write' is to mark letters on a surface. It implies literacy, authorship, and communication. It is a fundamental skill of civilization."
zinc,zincked,zincked,Expert,Action & Impact,"To 'zinc' is to coat with zinc (galvanize). Included here as it appears in some comprehensive irregular lists[cite: 52], though often treated as regular. It implies industrial protection."